DOI,Country,Facility,Journal,Impact Factor,Published Date,Cited Times,Number of days until 01/20/2023,Average cited times per day,Metal_Dopant_1,Metal_Dopant_2,Metal_Dopant_3,Metal_Dopant_4,Sample Name,Metal_Dopant_1_Proportion_Precursor,Metal_Dopant_2_Proportion_Precursor,Metal_Dopant_3_Proportion_Precursor,Metal_Dopant_4_Proportion_Precursor,Hydrothermal/Mixing Temperature (degree),Hydrothermal/Mixing Time (min),Hydrothermal/Mixing Strring/Ultrasonication,Hydrothermal/Mixing Strong Reductant in Liquid,Hydrothermal/Mixing Weak Reductant in Liquid,Hydrothermal/Mixing Mixed in Solid or Liquired,Annealing Temperature (degree),Annealing Rising Rate degree min-1,Annealing Time (min),Annealing Stirring,Annealing Inert Atmosphere,Annealing Reductive Atmosphere,Post ProcessingAcid Wash/Leaching/Quenching/Ultrasonication,Catalyst Loading (mg cm -2),Support Material Loading (mg cm -2),Support not Carbon,Electrode type Glassy Carbon/Carbon Paper (Ti Mesh),LSV Scanning Speed mV s-1,Electrolyte Proton Concentration (M),O2 saturated/1 for yes,Overpotential mV @10 mA cm-2
0st batch experiments,Hong Kong,HKUST,EXP,0,12/16/2022,0,0,0,Ru,None,None,None,Ru#1,100,0,0,0,25,1440,1,0,1,0,400,5,360,0,0,0,0,0.5,0,0,0,5,1,1,209
0st batch experiments,Hong Kong,HKUST,EXP,0,12/16/2022,0,0,0,Ru,None,None,None,Ru#2,100,0,0,0,25,1440,1,0,1,0,500,5,360,0,0,0,0,0.5,0,0,0,5,1,1,215
0st batch experiments,Hong Kong,HKUST,EXP,0,12/16/2022,0,0,0,Ru,None,None,None,Ru#3,100,0,0,0,25,1440,1,0,1,0,600,5,360,0,0,0,0,0.5,0,0,0,5,1,1,222
0st batch experiments,Hong Kong,HKUST,EXP,0,12/16/2022,0,0,0,Ru,None,None,None,Ru#4,100,0,0,0,25,1440,1,0,1,0,700,5,360,0,0,0,0,0.5,0,0,0,5,1,1,258
1st batch experiments,Hong Kong,HKUST,EXP,0,1/23/2023,0,0,0,Ru,Ba,Na,Zn,B1_BEST_400_#1_High_Quality,50,25,19,6,25,1320,1,0,0,1,400,1.67,360,0,0,0,0,0.5,0,0,0,5,1,1,318
1st batch experiments,Hong Kong,HKUST,EXP,0,1/23/2023,0,0,0,Ru,Ag,Na,La,B1_VARIANCE_400_#2_High_Quality,36,33,30,1,25,1440,1,0,0,1,400,1.67,360,0,0,0,0,0.5,0,0,0,5,1,1,337
1st batch experiments,Hong Kong,HKUST,EXP,0,1/23/2023,0,0,0,Ru,Zn,K,Sr,B1_VARIANCE_400_#3_High_Quality,51,24,17,8,45,1080,1,0,0,1,400,1.67,360,0,0,0,0,0.5,0,0,0,5,1,1,223
1st batch experiments,Hong Kong,HKUST,EXP,0,1/23/2023,0,0,0,Ru,Pr,Al,Au,B1_VARIANCE_400_#4_Full,40,38,17,5,38,1440,1,0,0,1,400,1.67,360,0,0,0,1,0.5,0,0,0,5,1,1,323
1st batch experiments,Hong Kong,HKUST,EXP,0,1/23/2023,0,0,0,Ru,Nb,Al,Au,B1_VARIANCE_400_#5_Full,46,27,19,8,75,1020,1,0,0,0,400,1.67,360,0,0,0,0,0.5,0,0,0,5,1,1,342
1st batch experiments,Hong Kong,HKUST,EXP,0,1/23/2023,0,0,0,Cr,Li,Ir,Al,B1_VARIANCE_400_#6_Full,43,27,20,1,28,1110,1,0,1,0,400,1.67,360,0,0,0,0,0.5,0,0,0,5,1,1,277
1st batch experiments,Hong Kong,HKUST,EXP,0,1/23/2023,0,0,0,Ru,Sr,K,Mo,B1_BEST_400_#7_High_Quality,47,29,19,5,32,1440,1,0,1,0,400,1.67,360,0,0,0,1,0.5,0,0,0,5,1,1,263
1st batch experiments,Hong Kong,HKUST,EXP,0,1/23/2023,0,0,0,Ru,Sr,Na,Ta,B1_BEST_400_#8_High_Quality,43,28,23,6,41,1120,1,0,1,0,400,1.67,360,0,0,0,1,0.5,0,0,0,5,1,1,223
1st batch experiments,Hong Kong,HKUST,EXP,0,1/23/2023,0,0,0,Ru,Sr,Na,Re,B1_BEST_400_#9_Full,46,30,19,5,51,890,1,0,0,0,400,1.67,360,0,0,0,1,0.5,0,0,0,5,1,1,206
1st batch experiments,Hong Kong,HKUST,EXP,0,1/23/2023,0,0,0,Ru,Sr,Li,Ba,B1_BEST_400_#10_Full,40,31,21,8,27,780,1,0,0,0,400,1.67,360,0,0,0,0,0.5,0,0,0,5,1,1,234
1st batch experiments,Hong Kong,HKUST,EXP,0,1/23/2023,0,0,0,Ru,Sr,Li,Ca,B1_BEST_500_#1_High_Quality,45,30,18,7,32,1440,1,0,1,0,500,1.67,360,0,0,0,1,0.5,0,0,0,5,1,1,237
1st batch experiments,Hong Kong,HKUST,EXP,0,1/23/2023,0,0,0,Ru,In,Sr,Nd,B1_VARIANCE_500_#2_Full,46,30,18,6,34,1320,1,0,0,1,500,1.67,360,0,0,0,1,0.5,0,0,0,5,1,1,226
1st batch experiments,Hong Kong,HKUST,EXP,0,1/23/2023,0,0,0,Ru,Sr,K,Li,B1_BEST_500_#3_Full,46,27,18,9,41,1230,1,0,0,0,500,1.67,360,0,0,0,0,0.5,0,0,0,5,1,1,208
1st batch experiments,Hong Kong,HKUST,EXP,0,1/23/2023,0,0,0,Ru,Mo,Na,Ir,B1_VARIANCE_500_#4_High_Quality,43,28,17,12,29,1440,1,0,0,1,500,1.67,360,0,0,0,0,0.5,0,0,0,5,1,1,391
1st batch experiments,Hong Kong,HKUST,EXP,0,1/23/2023,0,0,0,Ru,In,K,Nd,B1_VARIANCE_500_#5_Full,46,30,18,6,34,1170,1,0,0,1,500,1.67,360,0,0,0,0,0.5,0,0,0,5,1,1,253
1st batch experiments,Hong Kong,HKUST,EXP,0,1/23/2023,0,0,0,Ru,Sr,K,Ti,B1_VARIANCE_BEST_500_#6_Full,52,33,13,2,39,1350,1,0,1,0,500,1.67,360,0,0,0,0,0.5,0,0,0,5,1,1,237
1st batch experiments,Hong Kong,HKUST,EXP,0,1/23/2023,0,0,0,Ru,Pr,K,W,B1_VARIANCE_500_#7_High_Quality,43,30,19,8,35,750,1,0,0,1,500,1.67,360,0,0,0,1,0.5,0,0,0,5,1,1,217
1st batch experiments,Hong Kong,HKUST,EXP,0,1/23/2023,0,0,0,Ru,Sr,Ce,Zr,B1_BEST_500_#8_High_Quality,48,32,19,1,44,1170,1,0,1,0,500,1.67,360,0,0,0,1,0.5,0,0,0,5,1,1,218
1st batch experiments,Hong Kong,HKUST,EXP,0,1/23/2023,0,0,0,Ru,Ba,K,Sn,B1_BEST_500_#9_Full,42,35,17,6,27,1410,1,0,0,1,500,1.67,360,0,0,0,0,0.5,0,0,0,5,1,1,343
1st batch experiments,Hong Kong,HKUST,EXP,0,1/23/2023,0,0,0,Ru,Zn,K,In,B1_BEST_500_#10_High_Quality,42,32,19,7,30,930,1,0,1,0,500,1.67,360,0,0,0,1,0.5,0,0,0,5,1,1,240
1st batch experiments,Hong Kong,HKUST,EXP,0,1/23/2023,0,0,0,Ru,In,K,Gd,B1_VARIANCE_500_#11_Full,47,30,19,4,27,1020,1,0,1,0,500,1.67,360,0,0,0,0,0.5,0,0,0,5,1,1,242
1st batch experiments,Hong Kong,HKUST,EXP,0,1/23/2023,0,0,0,Ru,Cr,K,Re,B1_VARIANCE_500_#12_High_Quality,47,27,19,7,26,1030,1,0,0,0,500,1.67,360,0,0,0,0,0.5,0,0,0,5,1,1,250
1st batch experiments,Hong Kong,HKUST,EXP,0,1/23/2023,0,0,0,Ru,Cr,K,Sm,B1_VARIANCE_500_#13_High_Quality,50,26,19,5,33,970,1,0,1,0,500,1.67,360,0,0,0,0,0.5,0,0,0,5,1,1,239
1st batch experiments,Hong Kong,HKUST,EXP,0,1/23/2023,0,0,0,Ru,Mn,K,W,B1_BEST_500_#14_High_Quality,48,28,20,4,41,1310,1,0,0,0,500,1.67,360,0,0,0,0,0.5,0,0,0,5,1,1,208
1st batch experiments,Hong Kong,HKUST,EXP,0,1/23/2023,0,0,0,Ru,Ba,K,La,B1_BEST_500_#15_Full,42,31,16,11,56,1380,1,0,0,0,500,1.67,360,0,0,0,1,0.5,0,0,0,5,1,1,254
1st batch experiments,Hong Kong,HKUST,EXP,0,1/23/2023,0,0,0,Ru,Sr,K,W,B1_BEST_500_#16_High_Quality,42,28,20,10,47,1120,1,0,0,0,500,1.67,360,0,0,0,1,0.5,0,0,0,5,1,1,227
1st batch experiments,Hong Kong,HKUST,EXP,0,1/23/2023,0,0,0,Ru,Sr,K,Er,B1_BEST_500_#17_High_Quality,47,29,17,7,25,1130,1,0,1,0,500,1.67,360,0,0,0,1,0.5,0,0,0,5,1,1,235
1st batch experiments,Hong Kong,HKUST,EXP,0,1/23/2023,0,0,0,Ru,Ba,K,Ir,B1_VARIANCE_500_#18_Full,47,26,20,7,26,1210,1,0,1,0,500,1.67,360,0,0,0,1,0.5,0,0,0,5,1,1,282
1st batch experiments,Hong Kong,HKUST,EXP,0,1/23/2023,0,0,0,Ru,Ba,K,Sn,B1_VARIANCE_500_#19_Full,44,37,12,7,31,1050,1,0,1,0,500,1.67,360,0,0,0,1,0.5,0,0,0,5,1,1,318
1st batch experiments,Hong Kong,HKUST,EXP,0,1/23/2023,0,0,0,Ru,Sr,K,Er,B1_BEST_500_#20_High_Quality,44,29,19,8,29,1090,1,0,0,0,500,1.67,360,0,0,0,1,0.5,0,0,0,5,1,1,226
1st batch experiments,Hong Kong,HKUST,EXP,0,1/23/2023,0,0,0,Ru,Sr,K,W,B1_BEST_500_#21_High_Quality,44,31,16,9,42,920,1,0,1,0,500,1.67,360,0,0,0,1,0.5,0,0,0,5,1,1,221
1st batch experiments,Hong Kong,HKUST,EXP,0,1/23/2023,0,0,0,Ir,Ca,Ni,F,B1_VARIANCE_500_#22_Full,44,39,9,8,48,770,1,0,0,0,500,1.67,360,0,0,0,1,0.5,0,0,0,5,1,1,269
1st batch experiments,Hong Kong,HKUST,EXP,0,1/23/2023,0,0,0,Ir,Pd,Mo,F,B1_VARIANCE_500_#23_Full,45,30,15,10,37,750,1,0,1,0,500,1.67,360,0,0,0,0,0.5,0,0,0,5,1,1,380
1st batch experiments,Hong Kong,HKUST,EXP,0,1/23/2023,0,0,0,Ir,Pd,Ru,N,B1_VARIANCE_500_#24_Full,41,39,14,6,52,1440,1,0,1,0,500,1.67,360,0,0,0,1,0.5,0,0,0,5,1,1,249
2nd batch experiments,Hong Kong,HKUST,EXP,0,2/9/2023,0,0,0,K,Ru,Ir,Sr,B2_VARIANCE_400#1_Full,44,39,10,7,49,1440,1,0,0,0,400,1.67,360,0,0,0,1,0.5,0,0,0,5,1,1,262
2nd batch experiments,Hong Kong,HKUST,EXP,0,2/9/2023,0,0,0,Ca,Ru,Ir,Ti,B2_VARIANCE_400#2_High_Quality,48,48,3,1,60,920,1,0,1,0,400,1.67,360,0,0,0,1,0.5,0,0,0,5,1,1,205
2nd batch experiments,Hong Kong,HKUST,EXP,0,2/9/2023,0,0,0,K,Ru,Ir,Zr,B2_VARIANCE_400#3_Full,45,40,13,2,39,1440,1,0,0,0,400,1.67,360,0,0,0,0,0.5,0,0,0,5,1,1,271
2nd batch experiments,Hong Kong,HKUST,EXP,0,2/9/2023,0,0,0,Ru,Sr,Ta,Li,B2_BEST_400#4_Full,47,27,16,10,41,850,1,0,0,0,400,1.67,360,0,0,0,1,0.5,0,0,0,5,1,1,202
2nd batch experiments,Hong Kong,HKUST,EXP,0,2/9/2023,0,0,0,Ru,Mn,Gd,Ti,B2_VARIANCE_400#5_High_Quality,45,29,21,5,34,730,1,0,0,0,400,1.67,360,0,0,0,0,0.5,0,0,0,5,1,1,225
2nd batch experiments,Hong Kong,HKUST,EXP,0,2/9/2023,0,0,0,K,Ru,Ag,Mo,B2_VARIANCE_400#6_High_Quality,44,42,10,4,60,1440,1,0,0,0,400,1.67,360,0,0,0,1,0.5,0,0,0,5,1,1,350
2nd batch experiments,Hong Kong,HKUST,EXP,0,2/9/2023,0,0,0,Ru,Sr,Ir,Li,B2_BEST_400#7_Full,51,27,16,6,42,830,1,0,1,0,400,1.67,360,0,0,0,1,0.5,0,0,0,5,1,1,187
2nd batch experiments,Hong Kong,HKUST,EXP,0,2/9/2023,0,0,0,K,Ru,Ir,Li,B2_BEST_400#8_Full,46,44,7,3,60,1440,1,0,1,0,400,1.67,360,0,0,0,1,0.5,0,0,0,5,1,1,208
2nd batch experiments,Hong Kong,HKUST,EXP,0,2/9/2023,0,0,0,Li,Ru,Ir,Ta,B2_VARIANCE_400#9_High_Quality,43,43,13,1,48,1290,1,0,0,0,400,1.67,360,0,0,0,1,0.5,0,0,0,5,1,1,221
2nd batch experiments,Hong Kong,HKUST,EXP,0,2/9/2023,0,0,0,K,Ru,Ir,Pr,B2_BEST_400#10_Full,45,30,21,4,60,770,1,0,0,0,400,1.67,360,0,0,0,1,0.5,0,0,0,5,1,1,251
2nd batch experiments,Hong Kong,HKUST,EXP,0,2/9/2023,0,0,0,K,Ru,Ir,W,B2_BEST_400#11_Full,46,28,20,6,44,840,1,0,0,0,400,1.67,360,0,0,0,1,0.5,0,0,0,5,1,1,270
2nd batch experiments,Hong Kong,HKUST,EXP,0,2/9/2023,0,0,0,K,Ru,Ir,Ce,B2_BEST_400#12_Full,44,39,13,4,60,750,1,0,0,0,400,1.67,360,0,0,0,1,0.5,0,0,0,5,1,1,281
2nd batch experiments,Hong Kong,HKUST,EXP,0,2/9/2023,0,0,0,K,Ru,Ir,Re,B2_BEST_400#13_High_Quality,47,39,10,4,53,630,1,0,0,0,400,1.67,360,0,0,0,1,0.5,0,0,0,5,1,1,233
2nd batch experiments,Hong Kong,HKUST,EXP,0,2/9/2023,0,0,0,K,Ru,Ir,Nd,B2_BEST_400#14_High_Quality,40,39,13,8,38,650,1,0,0,0,400,1.67,360,0,0,0,1,0.5,0,0,0,5,1,1,218
2nd batch experiments,Hong Kong,HKUST,EXP,0,2/9/2023,0,0,0,K,Ru,Ir,Er,B2_BEST_400#15_High_Quality,54,23,15,8,60,670,1,0,0,0,400,1.67,360,0,0,0,0,0.5,0,0,0,5,1,1,296
2nd batch experiments,Hong Kong,HKUST,EXP,0,2/9/2023,0,0,0,K,Ru,Ir,Gd,B2_BEST_400#16_High_Quality,45,41,10,4,36,660,1,0,0,0,400,1.67,360,0,0,0,1,0.5,0,0,0,5,1,1,253
2nd batch experiments,Hong Kong,HKUST,EXP,0,2/9/2023,0,0,0,K,Ru,Ir,Ta,B2_BEST_400#17_High_Quality,60,25,10,5,30,750,1,0,0,0,400,1.67,360,0,0,0,1,0.5,0,0,0,5,1,1,250
2nd batch experiments,Hong Kong,HKUST,EXP,0,2/9/2023,0,0,0,K,Ru,Ir,In,B2_BEST_400#18_Full,51,25,17,7,59,890,1,0,0,0,400,1.67,360,0,0,0,1,0.5,0,0,0,5,1,1,272
2nd batch experiments,Hong Kong,HKUST,EXP,0,2/9/2023,0,0,0,K,Ru,Ir,Li,B2_BEST_400#19_Full,39,35,19,7,46,820,1,0,1,0,400,1.67,360,0,0,0,1,0.5,0,0,0,5,1,1,241
2nd batch experiments,Hong Kong,HKUST,EXP,0,2/9/2023,0,0,0,K,Ru,Ir,Sm,B2_BEST_400#20_High_Quality,39,39,11,11,60,1440,1,0,0,1,400,1.67,360,0,0,0,1,0.5,0,0,0,5,1,1,274
2nd batch experiments,Hong Kong,HKUST,EXP,0,2/9/2023,0,0,0,Ru,Sr,Ir,Li,B2_BEST_500#1_Full,43,28,20,9,27,690,1,0,0,0,500,1.67,360,0,0,0,0,0.5,0,0,0,5,1,1,257
2nd batch experiments,Hong Kong,HKUST,EXP,0,2/9/2023,0,0,0,K,Ru,Ir,Pr,B2_VARIANCE_500#2_High_Quality,47,38,13,2,49,800,1,0,0,0,500,1.67,360,0,0,0,0,0.5,0,0,0,5,1,1,247
2nd batch experiments,Hong Kong,HKUST,EXP,0,2/9/2023,0,0,0,Ru,Sr,Ta,Li,B2_BEST_500#3_Full,46,27,17,10,60,750,1,0,0,0,500,1.67,360,0,0,0,1,0.5,0,0,0,5,1,1,293
2nd batch experiments,Hong Kong,HKUST,EXP,0,2/9/2023,0,0,0,Ru,Sr,Ir,Li,B2_BEST_500#4_Full,42,30,17,11,60,840,1,0,0,0,500,1.67,360,0,0,0,1,0.5,0,0,0,5,1,1,241
2nd batch experiments,Hong Kong,HKUST,EXP,0,2/9/2023,0,0,0,Ru,Sr,Re,Li,B2_BEST_500#5_Full,45,28,26,1,38,660,1,0,0,0,500,1.67,360,0,0,0,0,0.5,0,0,0,5,1,1,354
2nd batch experiments,Hong Kong,HKUST,EXP,0,2/9/2023,0,0,0,K,Ru,Ir,Nb,B2_VARIANCE_500#6_High_Quality,48,39,9,4,36,770,1,0,0,0,500,1.67,360,0,0,0,1,0.5,0,0,0,5,1,1,311
2nd batch experiments,Hong Kong,HKUST,EXP,0,2/9/2023,0,0,0,K,Ru,Au,Ba,B2_VARIANCE_500#7_Full,48,38,11,3,40,1440,1,0,0,0,500,1.67,360,0,0,0,1,0.5,0,0,0,5,1,1,293
2nd batch experiments,Hong Kong,HKUST,EXP,0,2/9/2023,0,0,0,K,Ru,Ir,Ta,B2_VARIANCE_500#8_High_Quality,45,39,12,4,28,830,1,0,0,0,500,1.67,360,0,0,0,0,0.5,0,0,0,5,1,1,295
2nd batch experiments,Hong Kong,HKUST,EXP,0,2/9/2023,0,0,0,Ru,Sr,Ta,Li,B2_BEST_500#9_Full,63,20,14,3,60,760,1,0,0,0,500,1.67,360,0,0,0,0,0.5,0,0,0,5,1,1,266
2nd batch experiments,Hong Kong,HKUST,EXP,0,2/9/2023,0,0,0,K,Ru,Ir,Pr,B2_BEST_500#10_High_Quality,43,38,10,9,60,1120,1,0,0,0,500,1.67,360,0,0,0,0,0.5,0,0,0,5,1,1,248
2nd batch experiments,Hong Kong,HKUST,EXP,0,2/9/2023,0,0,0,K,Ru,Ir,Ni,B2_BEST_500#11_Full,49,39,7,5,49,1190,1,0,1,0,500,1.67,360,0,0,0,1,0.5,0,0,0,5,1,1,301
2nd batch experiments,Hong Kong,HKUST,EXP,0,2/9/2023,0,0,0,K,Ru,Ir,Ba,B2_VARIANCE_500#12_Full,45,42,9,4,60,830,1,0,0,0,500,1.67,360,0,0,0,1,0.5,0,0,0,5,1,1,262
2nd batch experiments,Hong Kong,HKUST,EXP,0,2/9/2023,0,0,0,K,Ru,Ir,Sr,B2_BEST_500#13_Full,37,35,22,6,26,1440,1,0,0,0,500,1.67,360,0,0,0,1,0.5,0,0,0,5,1,1,377
2nd batch experiments,Hong Kong,HKUST,EXP,0,2/9/2023,0,0,0,K,Ru,Ir,Gd,B2_VARIANCE_500#14_High_Quality,44,33,19,4,29,850,1,0,0,0,500,1.67,360,0,0,0,0,0.5,0,0,0,5,1,1,319
2nd batch experiments,Hong Kong,HKUST,EXP,0,2/9/2023,0,0,0,K,Ru,Ir,Ce,B2_VARIANCE_500#15_High_Quality,45,40,8,7,60,910,1,0,0,0,500,1.67,360,0,0,0,0,0.5,0,0,0,5,1,1,320
2nd batch experiments,Hong Kong,HKUST,EXP,0,2/9/2023,0,0,0,K,Ru,Ir,Ca,B2_VARIANCE_500#16_Full,43,28,19,10,45,740,1,0,0,0,500,1.67,360,0,0,0,1,0.5,0,0,0,5,1,1,321
2nd batch experiments,Hong Kong,HKUST,EXP,0,2/9/2023,0,0,0,K,Ru,Ir,Nb,B2_VARIANCE_500#17_High_Quality,42,41,13,4,51,930,1,0,0,0,500,1.67,360,0,0,0,0,0.5,0,0,0,5,1,1,350
2nd batch experiments,Hong Kong,HKUST,EXP,0,2/9/2023,0,0,0,K,Ru,Ta,Cr,B2_VARIANCE_500#18_High_Quality,42,28,20,10,60,840,1,0,0,0,500,1.67,360,0,0,0,1,0.5,0,0,0,5,1,1,337
2nd batch experiments,Hong Kong,HKUST,EXP,0,2/9/2023,0,0,0,K,Ru,Er,Ti,B2_VARIANCE_500#19_High_Quality,42,40,13,5,51,700,1,0,0,0,500,1.67,360,0,0,0,1,0.5,0,0,0,5,1,1,247
3rd batch,Hong Kong,HKUST,EXP,0,2/26/2023,0,0,0,Ru,Ni,Mn,Li,B3_BEST_400_#1_Full,61,20,16,3,34,1440,1,0,1,0,400,1.67,360,0,0,0,1,0.5,0,0,0,5,1,1,200
3rd batch,Hong Kong,HKUST,EXP,0,2/26/2023,0,0,0,Ru,Ni,Mo,None,B3_BEST_400_#2_Full,74,25,1,0,27,1331,1,0,1,0,400,1.67,360,0,0,0,1,0.5,0,0,0,5,1,1,208
3rd batch,Hong Kong,HKUST,EXP,0,2/26/2023,0,0,0,Ru,Mn,Cr,Li,B3_BEST_400_#3_Full,64,21,11,4,25,1440,1,0,1,0,400,1.67,360,0,0,0,1,0.5,0,0,0,5,1,1,188
3rd batch,Hong Kong,HKUST,EXP,0,2/26/2023,0,0,0,Ru,Sr,Ir,Li,B3_BEST_400_#4_Full,62,18,13,7,41,1440,1,0,1,0,400,1.67,360,0,0,0,1,0.5,0,0,0,5,1,1,207
3rd batch,Hong Kong,HKUST,EXP,0,2/26/2023,0,0,0,Ru,Mn,K,Zr,B3_BEST_400_#5_Full,52,30,13,5,48,766,1,0,0,1,400,1.67,360,0,0,0,1,0.5,0,0,0,5,1,1,242
3rd batch,Hong Kong,HKUST,EXP,0,2/26/2023,0,0,0,Ru,Zn,Mn,Li,B3_BEST_400_#6_Full,62,24,11,3,40,1440,1,0,1,0,400,1.67,360,0,0,0,1,0.5,0,0,0,5,1,1,182
3rd batch,Hong Kong,HKUST,EXP,0,2/26/2023,0,0,0,Ru,Mn,Zr,Li,B3_BEST_400_#7_Full,62,23,8,7,43,1440,1,0,1,0,400,1.67,360,0,0,0,1,0.5,0,0,0,5,1,1,209
3rd batch,Hong Kong,HKUST,EXP,0,2/26/2023,0,0,0,Ru,Zn,Cr,Zr,B3_BEST_400_#8_Full,53,24,15,8,44,1440,1,0,1,0,400,1.67,360,0,0,0,1,0.5,0,0,0,5,1,1,196
3rd batch,Hong Kong,HKUST,EXP,0,2/26/2023,0,0,0,Ba,K,Ru,Nd,B3_VARIANCE_400_#1_Full(#9),61,22,14,3,43,1440,1,0,0,0,400,1.67,360,0,0,0,1,0.5,0,0,0,5,1,1,294
3rd batch,Hong Kong,HKUST,EXP,0,2/26/2023,0,0,0,Ba,Na,Ru,Ni,B3_VARIANCE_400_#2_Full(#10),42,30,25,3,56,1440,1,0,1,0,400,1.67,360,0,0,0,0,0.5,0,0,0,5,1,1,282
3rd batch,Hong Kong,HKUST,EXP,0,2/26/2023,0,0,0,Ru,Sr,Nb,Pr,B3_VARIANCE_400_#3_Full(#11),48,26,24,2,60,1316,1,0,1,0,400,1.67,360,0,0,0,0,0.5,0,0,0,5,1,1,263
3rd batch,Hong Kong,HKUST,EXP,0,2/26/2023,0,0,0,Ru,Ba,W,Ni,B3_VARIANCE_400_#4_Full(#12),40,29,24,7,45,1415,1,0,1,0,400,1.67,360,0,0,0,0,0.5,0,0,0,5,1,1,273
3rd batch,Hong Kong,HKUST,EXP,0,2/26/2023,0,0,0,Na,Ru,Pd,Cr,B3_VARIANCE_400_#5_Full(#13),40,28,26,6,60,1440,1,0,1,0,400,1.67,360,0,0,0,1,0.5,0,0,0,5,1,1,212
3rd batch,Hong Kong,HKUST,EXP,0,2/26/2023,0,0,0,Ru,Sr,Ce,Li,B3_BEST_400_#1_High_Quality(#14),59,27,12,2,52,1302,1,0,0,0,400,1.67,360,0,0,0,1,0.5,0,0,0,5,1,1,225
3rd batch,Hong Kong,HKUST,EXP,0,2/26/2023,0,0,0,Ru,Sr,Ir,Li,B3_BEST_400_#2_High_Quality(#15),56,30,9,5,50,1339,1,0,0,0,400,1.67,360,0,0,0,1,0.5,0,0,0,5,1,1,219
3rd batch,Hong Kong,HKUST,EXP,0,2/26/2023,0,0,0,Ru,Sr,Ba,Li,B3_BEST_400_#3_High_Quality(#16),55,26,11,8,48,915,1,0,1,0,400,1.67,360,0,0,0,1,0.5,0,0,0,5,1,1,219
3rd batch,Hong Kong,HKUST,EXP,0,2/26/2023,0,0,0,Ru,Ce,Ba,Li,B3_BEST_400_#4_High_Quality(#17),53,29,15,3,29,827,1,0,0,0,400,1.67,360,0,0,0,1,0.5,0,0,0,5,1,1,207
3rd batch,Hong Kong,HKUST,EXP,0,2/26/2023,0,0,0,Ru,Sr,Ir,None,B3_BEST_400_#5_High_Quality(#18),52,33,15,0,50,1104,1,0,0,0,400,1.67,360,0,0,0,1,0.5,0,0,0,5,1,1,189
3rd batch,Hong Kong,HKUST,EXP,0,2/26/2023,0,0,0,Ru,Sr,Er,Nd,B3_BEST_400_#6_High_Quality(#19),52,33,9,6,53,915,1,0,1,0,400,1.67,360,0,0,0,1,0.5,0,0,0,5,1,1,187
3rd batch,Hong Kong,HKUST,EXP,0,2/26/2023,0,0,0,Ru,Ca,Na,Li,B3_BEST_400_#7_High_Quality(#20),48,26,22,4,26,945,1,0,1,0,400,1.67,360,0,0,0,1,0.5,0,0,0,5,1,1,225
3rd batch,Hong Kong,HKUST,EXP,0,2/26/2023,0,0,0,Ru,Cr,Ni,Ti,B3_BEST_400_#8_High_Quality(#21),42,33,19,6,39,1357,1,0,0,0,400,1.67,360,0,0,0,1,0.5,0,0,0,5,1,1,228
3rd batch,Hong Kong,HKUST,EXP,0,2/26/2023,0,0,0,Ru,Sr,Ni,Zn,B3_VARIANCE_400_#1_High_Quality(#22),42,30,27,1,29,1440,1,0,0,1,400,1.67,360,0,0,0,0,0.5,0,0,0,5,1,1,193
3rd batch,Hong Kong,HKUST,EXP,0,2/26/2023,0,0,0,Ru,Ca,Na,Li,B3_VARIANCE_400_#2_High_Quality(#23),41,24,24,11,60,1339,1,0,0,1,400,1.67,360,0,0,0,1,0.5,0,0,0,5,1,1,188
3rd batch,Hong Kong,HKUST,EXP,0,2/26/2023,0,0,0,Ru,Ba,Ir,Ni,B3_VARIANCE_400_#3_High_Quality(#24),41,28,27,4,59,1440,1,0,0,0,400,1.67,360,0,0,0,1,0.5,0,0,0,5,1,1,234
3rd batch,Hong Kong,HKUST,EXP,0,2/26/2023,0,0,0,Ru,K,Mn,Re,B3_VARIANCE_400_#4_High_Quality(#25),40,30,26,4,60,641,1,0,0,0,400,1.67,360,0,0,0,1,0.5,0,0,0,5,1,1,237
3rd batch,Hong Kong,HKUST,EXP,0,2/26/2023,0,0,0,Ru,K,Sr,Ni,B3_VARIANCE_400_#5_High_Quality(#26),41,33,24,2,47,1440,1,0,1,0,400,1.67,360,0,0,0,1,0.5,0,0,0,5,1,1,211
3rd batch,Hong Kong,HKUST,EXP,0,2/26/2023,0,0,0,Ru,Zn,K,Li,B3_BEST_500_#1_Full,59,18,16,7,25,997,1,0,0,0,500,1.67,360,0,0,0,1,0.5,0,0,0,5,1,1,244
3rd batch,Hong Kong,HKUST,EXP,0,2/26/2023,0,0,0,Ru,Cr,Sm,Li,B3_BEST_500_#2_Full,57,18,16,9,47,1273,1,0,1,0,500,1.67,360,0,0,0,1,0.5,0,0,0,5,1,1,195
3rd batch,Hong Kong,HKUST,EXP,0,2/26/2023,0,0,0,Ru,Zn,Ni,Zr,B3_BEST_500_#3_Full,56,21,17,6,41,1440,1,0,1,0,500,1.67,360,0,0,0,1,0.5,0,0,0,5,1,1,228
3rd batch,Hong Kong,HKUST,EXP,0,2/26/2023,0,0,0,Ru,Zn,K,Li,B3_BEST_500_#4_Full,54,24,20,2,60,1149,1,0,1,0,500,1.67,360,0,0,0,1,0.5,0,0,0,5,1,1,238
3rd batch,Hong Kong,HKUST,EXP,0,2/26/2023,0,0,0,Ru,Mn,La,Ti,B3_BEST_500_#5_Full,53,26,15,6,32,1094,1,0,1,0,500,1.67,360,0,0,0,1,0.5,0,0,0,5,1,1,184
3rd batch,Hong Kong,HKUST,EXP,0,2/26/2023,0,0,0,Ru,Zn,Cr,Li,B3_BEST_500_#6_Full,53,30,12,5,50,1440,1,0,1,0,500,1.67,360,0,0,0,1,0.5,0,0,0,5,1,1,249
3rd batch,Hong Kong,HKUST,EXP,0,2/26/2023,0,0,0,Ru,Sr,K,Li,B3_BEST_500_#7_Full,49,31,10,10,41,1218,1,0,0,0,500,1.67,360,0,0,0,1,0.5,0,0,0,5,1,1,266
3rd batch,Hong Kong,HKUST,EXP,0,2/26/2023,0,0,0,Ru,Sr,K,Li,B3_BEST_500_#8_Full,41,32,17,10,49,1231,1,0,1,0,500,1.67,360,0,0,0,1,0.5,0,0,0,5,1,1,275
3rd batch,Hong Kong,HKUST,EXP,0,2/26/2023,0,0,0,Na,K,Al,Ir,B3_500_VARIANCE_#1_Full(#9),38,28,22,12,56,1440,1,0,0,0,500,1.67,360,0,0,0,0,0.5,0,0,0,5,1,1,466
3rd batch,Hong Kong,HKUST,EXP,0,2/26/2023,0,0,0,Na,Ca,Li,Ir,B3_VARIANCE_500_#2_Full(#10),36,28,25,11,39,1440,1,0,0,0,500,1.67,360,0,0,0,0,0.5,0,0,0,5,1,1,349
3rd batch,Hong Kong,HKUST,EXP,0,2/26/2023,0,0,0,Ir,Ru,Au,K,B3_VARIANCE_500_#3_Full(#11),49,38,10,3,60,417,1,0,1,0,500,1.67,360,0,0,0,1,0.5,0,0,0,5,1,1,273
3rd batch,Hong Kong,HKUST,EXP,0,2/26/2023,0,0,0,Ru,Na,Ir,K,B3_VARIANCE_500_#4_Full(#12),56,27,14,3,60,434,1,0,0,1,500,1.67,360,0,0,0,1,0.5,0,0,0,5,1,1,236
3rd batch,Hong Kong,HKUST,EXP,0,2/26/2023,0,0,0,Ru,Sr,Ni,Na,B3_VARIANCE_500_#5_Full(#13),43,27,24,6,52,402,1,0,0,0,500,1.67,360,0,0,0,0,0.5,0,0,0,5,1,1,219
3rd batch,Hong Kong,HKUST,EXP,0,2/26/2023,0,0,0,Ru,Sr,Pr,Li,B3_BEST_500_#1_High_Quality(#14),60,23,10,7,34,1178,1,0,1,0,500,1.67,360,0,0,0,1,0.5,0,0,0,5,1,1,194
3rd batch,Hong Kong,HKUST,EXP,0,2/26/2023,0,0,0,Ru,Cr,Sr,None,B3_BEST_500_#2_High_Quality(#15),60,30,10,0,60,1219,1,0,0,0,500,1.67,360,0,0,0,0,0.5,0,0,0,5,1,1,221
3rd batch,Hong Kong,HKUST,EXP,0,2/26/2023,0,0,0,Ru,Na,Ti,None,B3_BEST_500_#3_High_Quality(#16),54,32,14,0,60,735,1,0,0,0,500,1.67,360,0,0,0,1,0.5,0,0,0,5,1,1,238
3rd batch,Hong Kong,HKUST,EXP,0,2/26/2023,0,0,0,Ru,K,Li,Gd,B3_BEST_500_#4_High_Quality(#17),53,28,15,4,43,762,1,0,0,0,500,1.67,360,0,0,0,1,0.5,0,0,0,5,1,1,217
3rd batch,Hong Kong,HKUST,EXP,0,2/26/2023,0,0,0,Ru,Sr,Na,Li,B3_BEST_500_#5_High_Quality(#18),51,27,19,3,38,1162,1,0,1,0,500,1.67,360,0,0,0,1,0.5,0,0,0,5,1,1,220
3rd batch,Hong Kong,HKUST,EXP,0,2/26/2023,0,0,0,Ru,Ca,K,Gd,B3_BEST_500_#6_High_Quality(#19),48,31,16,5,55,797,1,0,0,0,500,1.67,360,0,0,0,1,0.5,0,0,0,5,1,1,186
3rd batch,Hong Kong,HKUST,EXP,0,2/26/2023,0,0,0,Ru,Sr,K,Re,B3_BEST_500_#7_High_Quality(#20),46,28,17,9,47,568,1,0,0,0,500,1.67,360,0,0,0,1,0.5,0,0,0,5,1,1,217
3rd batch,Hong Kong,HKUST,EXP,0,2/26/2023,0,0,0,Ru,Na,Ca,Ta,B3_BEST_500_#8_High_Quality(#21),43,34,21,2,60,420,1,0,1,0,500,1.67,360,0,0,0,1,0.5,0,0,0,5,1,1,216
3rd batch,Hong Kong,HKUST,EXP,0,2/26/2023,0,0,0,Ru,K,Li,Pr,B3_VARIANCE_500_#1_High_Quality(#22),43,26,25,6,60,1105,1,0,1,0,500,1.67,360,0,0,0,1,0.5,0,0,0,5,1,1,174
3rd batch,Hong Kong,HKUST,EXP,0,2/26/2023,0,0,0,Ru,Ba,W,Ni,B3_VARIANCE_500_#2_High_Quality(#23),38,33,24,5,28,1440,1,0,1,0,500,1.67,360,0,0,0,1,0.5,0,0,0,5,1,1,229
3rd batch,Hong Kong,HKUST,EXP,0,2/26/2023,0,0,0,Ca,Ru,Ir,Mo,B3_VARIANCE_500_#3_High_Quality(#24),38,33,24,5,60,1440,1,0,0,0,500,1.67,360,0,0,0,1,0.5,0,0,0,5,1,1,299
3rd batch,Hong Kong,HKUST,EXP,0,2/26/2023,0,0,0,Ru,Na,Ce,Ni,B3_VARIANCE_500_#4_High_Quality(#25),37,33,26,4,25,1440,1,0,0,0,500,1.67,360,0,0,0,1,0.5,0,0,0,5,1,1,259
3rd batch,Hong Kong,HKUST,EXP,0,2/26/2023,0,0,0,Li,Ru,Mn,Ni,B3_VARIANCE_500_#5_High_Quality(#26),34,31,30,5,34,1425,1,0,0,0,500,1.67,360,0,0,0,1,0.5,0,0,0,5,1,1,423
4th batch,Hong Kong,HKUST,EXP,0,3/30/2023,0,0,0,Ru,Mn,Ni,K,B4_BEST_400_#1_Full,69,21,6,4,35,1440,1,0,1,0,400,1.67,360,0,0,0,1,0.5,0,0,0,5,1,1,205
4th batch,Hong Kong,HKUST,EXP,0,3/30/2023,0,0,0,Ru,K,Sr,Nd,B4_BEST_400_#2_Full,42,31,22,5,60,706,1,0,0,0,400,1.67,360,0,0,0,1,0.5,0,0,0,5,1,1,172
4th batch,Hong Kong,HKUST,EXP,0,3/30/2023,0,0,0,Ru,Ca,Sr,Pr,B4_BEST_400_#3_Full,41,39,15,5,60,532,1,0,0,0,400,1.67,360,0,0,0,1,0.5,0,0,0,5,1,1,195
4th batch,Hong Kong,HKUST,EXP,0,3/30/2023,0,0,0,Ru,Mn,Pd,Na,B4_BEST_400_#4_Full,53,23,15,9,39,1440,1,0,1,0,400,1.67,360,0,0,0,1,0.5,0,0,0,5,1,1,227
4th batch,Hong Kong,HKUST,EXP,0,3/30/2023,0,0,0,Ru,Mn,Sm,Li,B4_BEST_400_#5_Full,56,24,14,6,33,1440,1,0,1,0,400,1.67,360,0,0,0,1,0.5,0,0,0,5,1,1,210
4th batch,Hong Kong,HKUST,EXP,0,3/30/2023,0,0,0,Ru,Mn,Er,Li,B4_BEST_400_#6_Full,57,22,16,5,47,902,1,0,0,0,400,1.67,360,0,0,0,1,0.5,0,0,0,5,1,1,205
4th batch,Hong Kong,HKUST,EXP,0,3/30/2023,0,0,0,Ru,Cr,Sm,Na,B4_BEST_400_#7_Full,52,24,19,5,60,1005,1,0,1,0,400,1.67,360,0,0,0,1,0.5,0,0,0,5,1,1,233
4th batch,Hong Kong,HKUST,EXP,0,3/30/2023,0,0,0,Ru,Mn,Nd,Na,B4_BEST_400_#8_Full,57,22,16,5,36,1440,1,0,1,0,400,1.67,360,0,0,0,1,0.5,0,0,0,5,1,1,212
4th batch,Hong Kong,HKUST,EXP,0,3/30/2023,0,0,0,Na,Sr,K,Ru,B4_VARIANCE_400_#1_Full(#9),52,29,13,6,45,835,1,0,0,0,400,1.67,360,0,0,0,0,0.5,0,0,0,5,1,1,378
4th batch,Hong Kong,HKUST,EXP,0,3/30/2023,0,0,0,Li,Sr,Na,Ru,B4_VARIANCE_400_#2_Full(#10),40,39,12,9,34,436,1,0,0,1,400,1.67,360,0,0,0,0,0.5,0,0,0,5,1,1,362
4th batch,Hong Kong,HKUST,EXP,0,3/30/2023,0,0,0,Li,Ba,Ca,Ru,B4_VARIANCE_400_#3_Full(#11),42,36,12,10,47,828,1,0,0,0,400,1.67,360,0,0,0,0,0.5,0,0,0,5,1,1,391
4th batch,Hong Kong,HKUST,EXP,0,3/30/2023,0,0,0,Na,Li,F,Ru,B4_VARIANCE_400_#4_Full(#12),38,34,21,7,60,1440,1,0,0,1,400,1.67,360,0,0,0,0,0.5,0,0,0,5,1,1,402
4th batch,Hong Kong,HKUST,EXP,0,3/30/2023,0,0,0,Na,Li,N,Ru,B4_VARIANCE_400_#5_Full(#13),42,32,19,7,60,962,1,0,0,1,400,1.67,360,0,0,0,0,0.5,0,0,0,5,1,1,397
4th batch,Hong Kong,HKUST,EXP,0,3/30/2023,0,0,0,Na,Li,Ru,N,B4_VARIANCE_400_#6_Full(#14),53,23,21,3,34,534,1,0,0,0,400,1.67,360,0,0,0,1,0.5,0,0,0,5,1,1,332
4th batch,Hong Kong,HKUST,EXP,0,3/30/2023,0,0,0,Na,Li,F,Ru,B4_VARIANCE_400_#7_Full(#15),32,29,26,13,41,854,1,0,1,0,400,1.67,360,0,0,0,1,0.5,0,0,0,5,1,1,351
4th batch,Hong Kong,HKUST,EXP,0,3/30/2023,0,0,0,Li,K,F,Ru,B4_VARIANCE_400_#8_Full(#16),43,29,15,13,60,935,1,0,0,1,400,1.67,360,0,0,0,0,0.5,0,0,0,5,1,1,415
4th batch,Hong Kong,HKUST,EXP,0,3/30/2023,0,0,0,Ru,Ni,Er,Li,B4_BEST_400_#1_High_Quality(#17),53,28,13,6,35,1439,1,0,0,0,400,1.67,360,0,0,0,1,0.5,0,0,0,5,1,1,228
4th batch,Hong Kong,HKUST,EXP,0,3/30/2023,0,0,0,Ru,Ca,Ni,Na,B4_BEST_400_#2_High_Quality(#18),56,26,12,6,34,1440,1,0,1,0,400,1.67,360,0,0,0,1,0.5,0,0,0,5,1,1,217
4th batch,Hong Kong,HKUST,EXP,0,3/30/2023,0,0,0,Ru,K,Li,Pr,B4_BEST_400_#3_High_Quality(#19),42,29,22,7,34,806,1,0,0,0,400,1.67,360,0,0,0,1,0.5,0,0,0,5,1,1,191
4th batch,Hong Kong,HKUST,EXP,0,3/30/2023,0,0,0,Ru,Zn,Ba,Ti,B4_BEST_400_#4_High_Quality(#20),52,25,15,8,44,701,1,0,1,0,400,1.67,360,0,0,0,1,0.5,0,0,0,5,1,1,198
4th batch,Hong Kong,HKUST,EXP,0,3/30/2023,0,0,0,Ru,K,Ni,Li,B4_BEST_400_#5_High_Quality(#21),39,29,27,5,43,1440,1,0,1,0,400,1.67,360,0,0,0,1,0.5,0,0,0,5,1,1,204
4th batch,Hong Kong,HKUST,EXP,0,3/30/2023,0,0,0,Ru,Mn,Ni,K,B4_BEST_400_#6_High_Quality(#22),56,22,15,7,55,1440,1,0,1,0,400,1.67,360,0,0,0,1,0.5,0,0,0,5,1,1,220
4th batch,Hong Kong,HKUST,EXP,0,3/30/2023,0,0,0,Ru,Zn,Er,Gd,B4_BEST_400_#7_High_Quality(#23),47,28,16,9,25,702,1,0,0,0,400,1.67,360,0,0,0,1,0.5,0,0,0,5,1,1,214
4th batch,Hong Kong,HKUST,EXP,0,3/30/2023,0,0,0,Ru,Mn,Ni,Li,B4_BEST_400_#8_High_Quality(#24),54,24,21,1,43,1338,1,0,1,0,400,1.67,360,0,0,0,1,0.5,0,0,0,5,1,1,209
4th batch,Hong Kong,HKUST,EXP,0,3/30/2023,0,0,0,K,Li,N,Ru,B4_VARIANCE_400_#1_High_Quality(#25),45,26,21,8,60,1440,1,0,0,0,400,1.67,360,0,0,0,0,0.5,0,0,0,5,1,1,377
4th batch,Hong Kong,HKUST,EXP,0,3/30/2023,0,0,0,Li,Na,N,Ru,B4_VARIANCE_400_#2_High_Quality(#26),39,22,22,17,60,1440,1,0,0,0,400,1.67,360,0,0,0,1,0.5,0,0,0,5,1,1,357
4th batch,Hong Kong,HKUST,EXP,0,3/30/2023,0,0,0,K,Li,N,Ru,B4_VARIANCE_400_#3_High_Quality(#27),43,28,18,11,50,1440,1,0,1,0,400,1.67,360,0,0,0,1,0.5,0,0,0,5,1,1,346
4th batch,Hong Kong,HKUST,EXP,0,3/30/2023,0,0,0,Na,Li,F,Ru,B4_VARIANCE_400_#4_High_Quality(#28),41,28,21,10,31,1440,1,0,0,0,400,1.67,360,0,0,0,0,0.5,0,0,0,5,1,1,370
4th batch,Hong Kong,HKUST,EXP,0,3/30/2023,0,0,0,Ru,Li,N,K,B4_VARIANCE_400_#5_High_Quality(#29),32,31,27,10,55,1440,1,0,1,0,400,1.67,360,0,0,0,1,0.5,0,0,0,5,1,1,273
4th batch,Hong Kong,HKUST,EXP,0,3/30/2023,0,0,0,Li,Na,F,Ru,B4_VARIANCE_400_#6_High_Quality(#30),51,27,13,9,32,1190,1,0,1,0,400,1.67,360,0,0,0,1,0.5,0,0,0,5,1,1,382
4th batch,Hong Kong,HKUST,EXP,0,3/30/2023,0,0,0,Ca,Ru,N,Zn,B4_VARIANCE_400_#7_High_Quality(#31),54,21,18,7,60,1440,1,0,0,0,400,1.67,360,0,0,0,0,0.5,0,0,0,5,1,1,302
4th batch,Hong Kong,HKUST,EXP,0,3/30/2023,0,0,0,Ru,Ca,N,K,B4_VARIANCE_400_#8_High_Quality(#32),59,21,13,7,54,1440,1,0,1,0,400,1.67,360,0,0,0,0,0.5,0,0,0,5,1,1,201
4th batch,Hong Kong,HKUST,EXP,0,3/30/2023,0,0,0,Ru,Mn,Sm,Li,B4_BEST_500_#1_Full,58,26,12,4,32,1228,1,0,1,0,500,1.67,360,0,0,0,1,0.5,0,0,0,5,1,1,175
4th batch,Hong Kong,HKUST,EXP,0,3/30/2023,0,0,0,Ru,Mn,Pr,La,B4_BEST_500_#2_Full,56,23,16,5,38,1154,1,0,1,0,500,1.67,360,0,0,0,1,0.5,0,0,0,5,1,1,247
4th batch,Hong Kong,HKUST,EXP,0,3/30/2023,0,0,0,Ru,Mn,Pr,Ta,B4_BEST_500_#3_Full,55,29,9,7,42,1278,1,0,1,0,500,1.67,360,0,0,0,1,0.5,0,0,0,5,1,1,216
4th batch,Hong Kong,HKUST,EXP,0,3/30/2023,0,0,0,Ru,Ca,Ba,Gd,B4_BEST_500_#4_Full,51,27,16,6,53,1109,1,0,1,0,500,1.67,360,0,0,0,1,0.5,0,0,0,5,1,1,199
4th batch,Hong Kong,HKUST,EXP,0,3/30/2023,0,0,0,Ru,Mn,Sr,Pr,B4_BEST_500_#5_Full,47,30,19,4,60,879,1,0,0,0,500,1.67,360,0,0,0,1,0.5,0,0,0,5,1,1,203
4th batch,Hong Kong,HKUST,EXP,0,3/30/2023,0,0,0,Ru,Mn,Pr,Er,B4_BEST_500_#6_Full,46,39,10,5,49,740,1,0,0,0,500,1.67,360,0,0,0,1,0.5,0,0,0,5,1,1,245
4th batch,Hong Kong,HKUST,EXP,0,3/30/2023,0,0,0,Ru,Mn,Er,Pr,B4_BEST_500_#7_Full,46,38,14,2,48,968,1,0,0,0,500,1.67,360,0,0,0,1,0.5,0,0,0,5,1,1,255
4th batch,Hong Kong,HKUST,EXP,0,3/30/2023,0,0,0,Ru,Cr,Er,Nd,B4_BEST_500_#8_Full,46,38,14,2,60,1285,1,0,0,0,500,1.67,360,0,0,0,1,0.5,0,0,0,5,1,1,226
4th batch,Hong Kong,HKUST,EXP,0,3/30/2023,0,0,0,Li,Sr,Na,Ru,B4_VARIANCE_500_#1_Full(#9),45,28,20,7,60,474,1,0,0,0,500,1.67,360,0,0,0,0,0.5,0,0,0,5,1,1,307
4th batch,Hong Kong,HKUST,EXP,0,3/30/2023,0,0,0,Ca,Sr,Na,Ru,B4_VARIANCE_500_#2_Full(#10),48,30,13,9,60,451,1,0,0,0,500,1.67,360,0,0,0,1,0.5,0,0,0,5,1,1,264
4th batch,Hong Kong,HKUST,EXP,0,3/30/2023,0,0,0,Ca,Sr,Na,Ru,B4_VARIANCE_500_#3_Full(#11),43,35,15,7,47,372,1,0,0,0,500,1.67,360,0,0,0,0,0.5,0,0,0,5,1,1,284
4th batch,Hong Kong,HKUST,EXP,0,3/30/2023,0,0,0,Na,Sr,Li,Ru,B4_VARIANCE_500_#4_Full(#12),41,32,22,5,26,809,1,0,0,0,500,1.67,360,0,0,0,1,0.5,0,0,0,5,1,1,311
4th batch,Hong Kong,HKUST,EXP,0,3/30/2023,0,0,0,Li,Ba,K,Ru,B4_VARIANCE_500_#5_Full(#13),33,29,25,13,60,713,1,0,0,0,500,1.67,360,0,0,0,0,0.5,0,0,0,5,1,1,295
4th batch,Hong Kong,HKUST,EXP,0,3/30/2023,0,0,0,Li,Sr,Ti,Ru,B4_VARIANCE_500_#6_Full(#14),47,25,18,10,60,1165,1,0,1,0,500,1.67,360,0,0,0,0,0.5,0,0,0,5,1,1,375
4th batch,Hong Kong,HKUST,EXP,0,3/30/2023,0,0,0,Li,Sr,K,Ru,B4_VARIANCE_500_#7_Full(#15),55,24,16,5,48,429,1,0,0,1,500,1.67,360,0,0,0,0,0.5,0,0,0,5,1,1,334
4th batch,Hong Kong,HKUST,EXP,0,3/30/2023,0,0,0,Li,Sr,Na,Ru,B4_VARIANCE_500_#8_Full(#16),44,29,21,6,60,769,1,0,0,1,500,1.67,360,0,0,0,0,0.5,0,0,0,5,1,1,363
4th batch,Hong Kong,HKUST,EXP,0,3/30/2023,0,0,0,Ru,Ca,Sr,Sm,B4_BEST_500_#1_High_Quality(#17),63,20,12,5,38,778,1,0,0,1,500,1.67,360,0,0,0,1,0.5,0,0,0,5,1,1,226
4th batch,Hong Kong,HKUST,EXP,0,3/30/2023,0,0,0,Ru,Mn,Er,Ti,B4_BEST_500_#2_High_Quality(#18),58,26,10,6,56,1247,1,0,1,0,500,1.67,360,0,0,0,1,0.5,0,0,0,5,1,1,229
4th batch,Hong Kong,HKUST,EXP,0,3/30/2023,0,0,0,Ru,Zn,Sr,Nd,B4_BEST_500_#3_High_Quality(#19),55,24,16,5,37,699,1,0,0,0,500,1.67,360,0,0,0,1,0.5,0,0,0,5,1,1,176
4th batch,Hong Kong,HKUST,EXP,0,3/30/2023,0,0,0,Ru,K,Li,Ce,B4_BEST_500_#4_High_Quality(#20),53,24,16,7,31,957,1,0,0,1,500,1.67,360,0,0,0,1,0.5,0,0,0,5,1,1,242
4th batch,Hong Kong,HKUST,EXP,0,3/30/2023,0,0,0,Ru,Zn,Sr,Gd,B4_BEST_500_#5_High_Quality(#21),51,36,11,2,43,567,1,0,0,0,500,1.67,360,0,0,0,1,0.5,0,0,0,5,1,1,194
4th batch,Hong Kong,HKUST,EXP,0,3/30/2023,0,0,0,Ru,Zn,Ca,Nd,B4_BEST_500_#6_High_Quality(#22),47,28,18,7,60,631,1,0,1,0,500,1.67,360,0,0,0,1,0.5,0,0,0,5,1,1,193
4th batch,Hong Kong,HKUST,EXP,0,3/30/2023,0,0,0,Ru,K,Sr,Nd,B4_BEST_500_#7_High_Quality(#23),41,32,20,7,60,729,1,0,0,0,500,1.67,360,0,0,0,1,0.5,0,0,0,5,1,1,196
4th batch,Hong Kong,HKUST,EXP,0,3/30/2023,0,0,0,Ru,Ca,Na,Nd,B4_BEST_500_#8_High_Quality(#24),40,30,25,5,60,1004,1,0,0,0,500,1.67,360,0,0,0,1,0.5,0,0,0,5,1,1,189
4th batch,Hong Kong,HKUST,EXP,0,3/30/2023,0,0,0,Li,Ru,N,In,B4_VARIANCE_500_#1_High_Quality(#25),43,29,21,7,51,1221,1,0,1,0,500,1.67,360,0,0,0,1,0.5,0,0,0,5,1,1,246
4th batch,Hong Kong,HKUST,EXP,0,3/30/2023,0,0,0,Li,Ru,N,Re,B4_VARIANCE_500_#2_High_Quality(#26),43,30,21,6,37,1177,1,0,0,0,500,1.67,360,0,0,0,1,0.5,0,0,0,5,1,1,230
4th batch,Hong Kong,HKUST,EXP,0,3/30/2023,0,0,0,Ca,Ru,F,Re,B4_VARIANCE_500_#3_High_Quality(#27),48,25,23,4,51,649,1,0,1,0,500,1.67,360,0,0,0,0,0.5,0,0,0,5,1,1,248
4th batch,Hong Kong,HKUST,EXP,0,3/30/2023,0,0,0,Na,Ru,N,Au,B4_VARIANCE_500_#4_High_Quality(#28),63,17,14,6,48,1440,1,0,0,0,500,1.67,360,0,0,0,1,0.5,0,0,0,5,1,1,277
4th batch,Hong Kong,HKUST,EXP,0,3/30/2023,0,0,0,Na,Ru,N,W,B4_VARIANCE_500_#5_High_Quality(#29),54,23,20,3,42,1440,1,0,0,0,500,1.67,360,0,0,0,0,0.5,0,0,0,5,1,1,270
4th batch,Hong Kong,HKUST,EXP,0,3/30/2023,0,0,0,Na,Li,Ru,Ni,B4_VARIANCE_500_#6_High_Quality(#30),38,29,25,8,30,370,1,0,0,0,500,1.67,360,0,0,0,1,0.5,0,0,0,5,1,1,329
4th batch,Hong Kong,HKUST,EXP,0,3/30/2023,0,0,0,Na,Li,Ru,Al,B4_VARIANCE_500_#7_High_Quality(#31),46,30,14,10,60,597,1,0,0,0,500,1.67,360,0,0,0,0,0.5,0,0,0,5,1,1,316
4th batch,Hong Kong,HKUST,EXP,0,3/30/2023,0,0,0,Li,Na,Ru,N,B4_VARIANCE_500_#8_High_Quality(#32),43,29,19,9,50,413,1,0,1,0,500,1.67,360,0,0,0,1,0.5,0,0,0,5,1,1,311
5th batch (Final),Peoples R China,NJU,EXP,0,6/15/2023,0,0,0,Ru,Sr,Ni,Gd,B5_BEST_400_#1_Full(#1),68,16,11,5,31,643,1,1,0,1,400,1.67,360,0,0,0,1,0.5,0,0,0,5,1,1,188
5th batch (Final),Peoples R China,NJU,EXP,0,6/15/2023,0,0,0,Ru,Zn,Sr,Pr,B5_BEST_400_#1_Full(#2),65,22,8,5,45,517,1,1,0,1,400,1.67,360,0,0,0,1,0.5,0,0,0,5,1,1,190
5th batch (Final),Peoples R China,NJU,EXP,0,6/15/2023,0,0,0,Ru,Zn,Ni,Nd,B5_BEST_400_#1_Full(#3),63,26,9,2,47,561,1,1,0,1,400,1.67,360,0,0,0,1,0.5,0,0,0,5,1,1,209
5th batch (Final),Peoples R China,NJU,EXP,0,6/15/2023,0,0,0,Ru,Zn,Ca,Pr,B5_BEST_400_#1_Full(#4),61,27,7,5,43,627,1,1,0,1,400,1.67,360,0,0,0,1,0.5,0,0,0,5,1,1,188
5th batch (Final),Peoples R China,NJU,EXP,0,6/15/2023,0,0,0,Ru,Zn,Sr,Ta,B5_BEST_400_#1_Full(#5),61,19,14,6,60,714,1,1,0,1,400,1.67,360,0,0,0,1,0.5,0,0,0,5,1,1,303
5th batch (Final),Peoples R China,NJU,EXP,0,6/15/2023,0,0,0,Ru,Cr,Sr,Nd,B5_BEST_400_#1_Full(#6),60,22,13,5,60,690,1,0,0,1,400,1.67,360,0,0,0,1,0.5,0,0,0,5,1,1,198
5th batch (Final),Peoples R China,NJU,EXP,0,6/15/2023,0,0,0,Ru,Zn,Sr,Er,B5_BEST_400_#1_Full(#7),59,24,11,6,60,577,1,0,0,1,400,1.67,360,0,0,0,1,0.5,0,0,0,5,1,1,267
5th batch (Final),Peoples R China,NJU,EXP,0,6/15/2023,0,0,0,Ru,Ni,Sr,Nd,B5_BEST_400_#1_Full(#8),57,23,15,5,27,714,1,0,0,1,400,1.67,360,0,0,0,1,0.5,0,0,0,5,1,1,212
5th batch (Final),Peoples R China,NJU,EXP,0,6/15/2023,0,0,0,Ru,Zn,Mn,Pr,B5_BEST_400_#1_Full(#9),55,26,15,4,60,608,1,1,0,1,400,1.67,360,0,0,0,1,0.5,0,0,0,5,1,1,200
5th batch (Final),Peoples R China,NJU,EXP,0,6/15/2023,0,0,0,Ru,Ca,Sr,Nd,B5_BEST_400_#1_Full(#10),52,31,11,6,33,732,1,1,0,1,400,1.67,360,0,0,0,1,0.5,0,0,0,5,1,1,177
5th batch (Final),Peoples R China,NJU,EXP,0,6/15/2023,0,0,0,Ru,K,Na,Gd,B5_BEST_400_#1_Full(#11),50,27,17,6,60,610,1,0,0,1,400,1.67,360,0,0,0,1,0.5,0,0,0,5,1,1,246
5th batch (Final),Peoples R China,NJU,EXP,0,6/15/2023,0,0,0,Ru,K,Sr,Gd,B5_BEST_400_#1_Full(#12),50,39,10,1,60,603,1,1,0,1,400,1.67,360,0,0,0,1,0.5,0,0,0,5,1,1,288
5th batch (Final),Peoples R China,NJU,EXP,0,6/15/2023,0,0,0,Ru,Zn,Sr,Pr,B5_BEST_400_#1_Full(#13),49,26,19,6,38,505,1,0,0,1,400,1.67,360,0,0,0,1,0.5,0,0,0,5,1,1,190
5th batch (Final),Peoples R China,NJU,EXP,0,6/15/2023,0,0,0,Ru,Na,Sr,Pr,B5_BEST_400_#1_Full(#14),48,24,19,9,51,681,1,1,0,1,400,1.67,360,0,0,0,1,0.5,0,0,0,5,1,1,246
5th batch (Final),Peoples R China,NJU,EXP,0,6/15/2023,0,0,0,Ru,K,Sr,Pr,B5_BEST_400_#1_Full(#15),47,28,20,5,60,711,1,1,0,1,400,1.67,360,0,0,0,1,0.5,0,0,0,5,1,1,223
5th batch (Final),Peoples R China,NJU,EXP,0,6/15/2023,0,0,0,Ru,Zn,Sr,Sm,B5_BEST_400_#1_Full(#16),47,30,19,4,44,715,1,1,0,1,400,1.67,360,0,0,0,1,0.5,0,0,0,5,1,1,225
5th batch (Final),Peoples R China,NJU,EXP,0,6/15/2023,0,0,0,Ru,K,Sr,La,B5_BEST_400_#1_High_Quality(#17),61,20,13,6,54,559,1,1,0,1,400,1.67,360,0,0,0,1,0.5,0,0,0,5,1,1,218
5th batch (Final),Peoples R China,NJU,EXP,0,6/15/2023,0,0,0,Ru,Ca,Ba,Nd,B5_BEST_400_#1_High_Quality(#18),59,22,11,8,60,655,1,0,0,1,400,1.67,360,0,0,0,1,0.5,0,0,0,5,1,1,186
5th batch (Final),Peoples R China,NJU,EXP,0,6/15/2023,0,0,0,Ru,Zn,Sr,Nd,B5_BEST_400_#1_High_Quality(#19),57,22,16,5,36,671,1,0,0,1,400,1.67,360,0,0,0,1,0.5,0,0,0,5,1,1,208
5th batch (Final),Peoples R China,NJU,EXP,0,6/15/2023,0,0,0,Ru,Zn,Mn,Nd,B5_BEST_400_#1_High_Quality(#20),57,22,13,8,25,635,1,1,0,1,400,1.67,360,0,0,0,1,0.5,0,0,0,5,1,1,214
5th batch (Final),Peoples R China,NJU,EXP,0,6/15/2023,0,0,0,Ru,Sr,Nd,Pr,B5_BEST_400_#1_High_Quality(#21),55,23,15,7,52,575,1,0,0,1,400,1.67,360,0,0,0,1,0.5,0,0,0,5,1,1,245
5th batch (Final),Peoples R China,NJU,EXP,0,6/15/2023,0,0,0,Ru,K,Sr,Nd,B5_BEST_400_#1_High_Quality(#22),53,22,18,7,52,464,1,0,0,1,400,1.67,360,0,0,0,1,0.5,0,0,0,5,1,1,206
5th batch (Final),Peoples R China,NJU,EXP,0,6/15/2023,0,0,0,Ru,Ca,Sr,Nd,B5_BEST_400_#1_High_Quality(#23),52,24,18,6,53,503,1,1,0,1,400,1.67,360,0,0,0,1,0.5,0,0,0,5,1,1,154
5th batch (Final),Peoples R China,NJU,EXP,0,6/15/2023,0,0,0,Ru,Na,Sr,Nd,B5_BEST_400_#1_High_Quality(#24),52,25,14,9,32,543,1,0,0,1,400,1.67,360,0,0,0,1,0.5,0,0,0,5,1,1,208
5th batch (Final),Peoples R China,NJU,EXP,0,6/15/2023,0,0,0,Ru,Al,Sr,Gd,B5_BEST_400_#1_High_Quality(#25),51,27,17,5,26,407,1,1,0,1,400,1.67,360,0,0,0,1,0.5,0,0,0,5,1,1,193
5th batch (Final),Peoples R China,NJU,EXP,0,6/15/2023,0,0,0,Ru,K,Sr,Zr,B5_BEST_400_#1_High_Quality(#26),50,23,21,6,60,843,1,0,0,1,400,1.67,360,0,0,0,1,0.5,0,0,0,5,1,1,227
5th batch (Final),Peoples R China,NJU,EXP,0,6/15/2023,0,0,0,Ru,K,Li,Na,B5_BEST_400_#1_High_Quality(#27),48,40,8,4,60,620,1,1,0,1,400,1.67,360,0,0,0,1,0.5,0,0,0,5,1,1,240
5th batch (Final),Peoples R China,NJU,EXP,0,6/15/2023,0,0,0,Ru,K,Pr,Nd,B5_BEST_400_#1_High_Quality(#28),47,29,20,4,60,715,1,1,0,1,400,1.67,360,0,0,0,1,0.5,0,0,0,5,1,1,188
5th batch (Final),Peoples R China,NJU,EXP,0,6/15/2023,0,0,0,Ru,Mn,Sr,Er,B5_BEST_400_#1_High_Quality(#29),47,29,21,3,26,364,1,1,0,1,400,1.67,360,0,0,0,1,0.5,0,0,0,5,1,1,237
5th batch (Final),Peoples R China,NJU,EXP,0,6/15/2023,0,0,0,Ru,K,Li,Pr,B5_BEST_400_#1_High_Quality(#30),46,31,19,4,60,645,1,1,0,1,400,1.67,360,0,0,0,1,0.5,0,0,0,5,1,1,234
5th batch (Final),Peoples R China,NJU,EXP,0,6/15/2023,0,0,0,Ru,K,Sr,Nb,B5_BEST_400_#1_High_Quality(#31),46,31,18,5,45,625,1,0,0,1,400,1.67,360,0,0,0,1,0.5,0,0,0,5,1,1,255
5th batch (Final),Peoples R China,NJU,EXP,0,6/15/2023,0,0,0,Ru,K,Sr,Er,B5_BEST_400_#1_High_Quality(#32),43,39,11,7,60,365,1,0,0,1,400,1.67,360,0,0,0,1,0.5,0,0,0,5,1,1,214
5th batch (Final),Peoples R China,NJU,EXP,0,6/15/2023,0,0,0,Ru,K,Sr,Pr,B5_BEST_500_#1_Full(#1),50,26,18,6,60,668,1,0,0,1,500,1.67,360,0,0,0,1,0.5,0,0,0,5,1,1,258
5th batch (Final),Peoples R China,NJU,EXP,0,6/15/2023,0,0,0,Ru,Zn,Sr,Ta,B5_BEST_500_#1_Full(#2),62,20,11,7,60,599,1,0,0,1,500,1.67,360,0,0,0,1,0.5,0,0,0,5,1,1,243
5th batch (Final),Peoples R China,NJU,EXP,0,6/15/2023,0,0,0,Ru,Zn,Sr,Pr,B5_BEST_500_#1_Full(#3),60,24,12,4,33,586,1,0,0,1,500,1.67,360,0,0,0,1,0.5,0,0,0,5,1,1,259
5th batch (Final),Peoples R China,NJU,EXP,0,6/15/2023,0,0,0,Ru,Ca,K,Pr,B5_BEST_500_#1_Full(#4),58,25,13,4,60,651,1,1,0,1,500,1.67,360,0,0,0,1,0.5,0,0,0,5,1,1,193
5th batch (Final),Peoples R China,NJU,EXP,0,6/15/2023,0,0,0,Ru,Zn,Ba,Pr,B5_BEST_500_#1_Full(#5),57,31,8,4,60,551,1,1,0,1,500,1.67,360,0,0,0,1,0.5,0,0,0,5,1,1,214
5th batch (Final),Peoples R China,NJU,EXP,0,6/15/2023,0,0,0,Ru,Zn,Sr,Nd,B5_BEST_500_#1_Full(#6),56,26,13,5,30,642,1,1,0,1,500,1.67,360,0,0,0,1,0.5,0,0,0,5,1,1,204
5th batch (Final),Peoples R China,NJU,EXP,0,6/15/2023,0,0,0,Ru,Ca,Sr,Ta,B5_BEST_500_#1_Full(#7),52,26,20,2,54,662,1,1,0,1,500,1.67,360,0,0,0,1,0.5,0,0,0,5,1,1,225
5th batch (Final),Peoples R China,NJU,EXP,0,6/15/2023,0,0,0,Ru,Sn,Sr,Pr,B5_BEST_500_#1_Full(#8),52,25,18,5,60,593,1,1,0,1,500,1.67,360,0,0,0,1,0.5,0,0,0,5,1,1,215
5th batch (Final),Peoples R China,NJU,EXP,0,6/15/2023,0,0,0,Ru,Zn,Sr,Er,B5_BEST_500_#1_Full(#9),51,25,17,7,60,711,1,1,0,1,500,1.67,360,0,0,0,1,0.5,0,0,0,5,1,1,264
5th batch (Final),Peoples R China,NJU,EXP,0,6/15/2023,0,0,0,Ru,K,Sr,Er,B5_BEST_500_#1_Full(#10),50,26,19,5,60,450,1,1,0,1,500,1.67,360,0,0,0,1,0.5,0,0,0,5,1,1,216
5th batch (Final),Peoples R China,NJU,EXP,0,6/15/2023,0,0,0,Ru,Zn,Sr,Pr,B5_BEST_500_#1_Full(#11),48,28,17,7,56,674,1,0,0,1,500,1.67,360,0,0,0,1,0.5,0,0,0,5,1,1,209
5th batch (Final),Peoples R China,NJU,EXP,0,6/15/2023,0,0,0,Ru,Sr,Ba,Gd,B5_BEST_500_#1_Full(#12),48,34,13,5,60,714,1,1,0,1,500,1.67,360,0,0,0,1,0.5,0,0,0,5,1,1,220
5th batch (Final),Peoples R China,NJU,EXP,0,6/15/2023,0,0,0,Ru,Cr,Sr,Nd,B5_BEST_500_#1_Full(#13),48,30,19,3,46,438,1,0,0,1,500,1.67,360,0,0,0,1,0.5,0,0,0,5,1,1,220
5th batch (Final),Peoples R China,NJU,EXP,0,6/15/2023,0,0,0,Ru,K,Sr,Nd,B5_BEST_500_#1_Full(#14),47,27,18,8,60,440,1,1,0,1,500,1.67,360,0,0,0,1,0.5,0,0,0,5,1,1,199
5th batch (Final),Peoples R China,NJU,EXP,0,6/15/2023,0,0,0,Ru,K,Ca,Pr,B5_BEST_500_#1_Full(#15),47,28,16,9,60,671,1,1,0,1,500,1.67,360,0,0,0,1,0.5,0,0,0,5,1,1,193
5th batch (Final),Peoples R China,NJU,EXP,0,6/15/2023,0,0,0,Ru,Mn,Ca,Pr,B5_BEST_500_#1_Full(#16),47,24,20,9,60,630,1,1,0,1,500,1.67,360,0,0,0,1,0.5,0,0,0,5,1,1,182
5th batch (Final),Peoples R China,NJU,EXP,0,6/15/2023,0,0,0,Ru,Zn,Sr,Pr,B5_BEST_500_#1_High_Quality(#17),60,19,15,6,45,447,1,1,0,1,500,1.67,360,0,0,0,1,0.5,0,0,0,5,1,1,215
5th batch (Final),Peoples R China,NJU,EXP,0,6/15/2023,0,0,0,Ru,K,Sr,Pr,B5_BEST_500_#1_High_Quality(#18),60,25,13,2,60,375,1,1,0,1,500,1.67,360,0,0,0,1,0.5,0,0,0,5,1,1,209
5th batch (Final),Peoples R China,NJU,EXP,0,6/15/2023,0,0,0,Ru,Ca,Sr,Pr,B5_BEST_500_#1_High_Quality(#19),59,24,14,3,53,489,1,0,0,1,500,1.67,360,0,0,0,1,0.5,0,0,0,5,1,1,192
5th batch (Final),Peoples R China,NJU,EXP,0,6/15/2023,0,0,0,Ru,Mn,Sr,Pr,B5_BEST_500_#1_High_Quality(#20),59,26,10,5,42,581,1,1,0,1,500,1.67,360,0,0,0,1,0.5,0,0,0,5,1,1,215
5th batch (Final),Peoples R China,NJU,EXP,0,6/15/2023,0,0,0,Ru,Ni,Sr,Nd,B5_BEST_500_#1_High_Quality(#21),58,23,14,5,60,643,1,1,0,1,500,1.67,360,0,0,0,1,0.5,0,0,0,5,1,1,208
5th batch (Final),Peoples R China,NJU,EXP,0,6/15/2023,0,0,0,Ru,Zn,Sr,Gd,B5_BEST_500_#1_High_Quality(#22),58,23,14,5,60,473,1,0,0,1,500,1.67,360,0,0,0,1,0.5,0,0,0,5,1,1,215
5th batch (Final),Peoples R China,NJU,EXP,0,6/15/2023,0,0,0,Ru,Zn,Sr,Nd,B5_BEST_500_#1_High_Quality(#23),57,22,18,3,46,702,1,1,0,1,500,1.67,360,0,0,0,1,0.5,0,0,0,5,1,1,219
5th batch (Final),Peoples R China,NJU,EXP,0,6/15/2023,0,0,0,Ru,Zn,Sr,Pr,B5_BEST_500_#1_High_Quality(#24),56,28,10,6,60,679,1,0,0,1,500,1.67,360,0,0,0,1,0.5,0,0,0,5,1,1,195
5th batch (Final),Peoples R China,NJU,EXP,0,6/15/2023,0,0,0,Ru,Mn,Sr,Nd,B5_BEST_500_#1_High_Quality(#25),54,22,15,9,60,666,1,0,0,1,500,1.67,360,0,0,0,1,0.5,0,0,0,5,1,1,196
5th batch (Final),Peoples R China,NJU,EXP,0,6/15/2023,0,0,0,Ru,K,Sr,Nd,B5_BEST_500_#1_High_Quality(#26),53,28,14,5,60,640,1,1,0,1,500,1.67,360,0,0,0,1,0.5,0,0,0,5,1,1,220
5th batch (Final),Peoples R China,NJU,EXP,0,6/15/2023,0,0,0,Ru,Zn,Sr,Gd,B5_BEST_500_#1_High_Quality(#27),53,28,17,2,60,726,1,0,0,1,500,1.67,360,0,0,0,1,0.5,0,0,0,5,1,1,356
5th batch (Final),Peoples R China,NJU,EXP,0,6/15/2023,0,0,0,Ru,K,Sr,Pr,B5_BEST_500_#1_High_Quality(#28),52,29,12,7,60,460,1,1,0,1,500,1.67,360,0,0,0,1,0.5,0,0,0,5,1,1,188
5th batch (Final),Peoples R China,NJU,EXP,0,6/15/2023,0,0,0,Ru,Mn,Sr,Pr,B5_BEST_500_#1_High_Quality(#29),48,29,20,3,39,704,1,1,0,1,500,1.67,360,0,0,0,1,0.5,0,0,0,5,1,1,217
5th batch (Final),Peoples R China,NJU,EXP,0,6/15/2023,0,0,0,Ru,Zn,Sr,Pr,B5_BEST_500_#1_High_Quality(#30),47,27,19,7,60,542,1,0,0,1,500,1.67,360,0,0,0,1,0.5,0,0,0,5,1,1,196
5th batch (Final),Peoples R China,NJU,EXP,0,6/15/2023,0,0,0,Ru,K,Sr,Gd,B5_BEST_500_#1_High_Quality(#31),47,39,10,4,60,697,1,1,0,1,500,1.67,360,0,0,0,1,0.5,0,0,0,5,1,1,213
5th batch (Final),Peoples R China,NJU,EXP,0,6/15/2023,0,0,0,Ru,Ca,Sr,Nd,B5_BEST_500_#1_High_Quality(#32),46,28,17,9,60,563,1,1,0,1,500,1.67,360,0,0,0,1,0.5,0,0,0,5,1,1,168
